rsid	chromosome	position	genotype	sample_id
rs1001	1	10583	AG	SYNTHETIC_SAMPLE_001
rs1002	1	10611	CC	SYNTHETIC_SAMPLE_001
rs1003	2	20541	TT	SYNTHETIC_SAMPLE_001
rs1004	2	20999	--	SYNTHETIC_SAMPLE_001
rs1005	3	30101	AT	SYNTHETIC_SAMPLE_001
rs1006	3	30202	CG	SYNTHETIC_SAMPLE_001
rs1007	X	40001	AA	SYNTHETIC_SAMPLE_001
rs1008	4	0	GG	SYNTHETIC_SAMPLE_001
rs1009	5	50123	A0	SYNTHETIC_SAMPLE_001
rs1010	6	60123	GT	SYNTHETIC_SAMPLE_001
rs1010	6	60123	GT	SYNTHETIC_SAMPLE_001
rs1011	7	70123	AC	SYNTHETIC_SAMPLE_001
